<?xml version="1.0" encoding="UTF-8" standalone="no"?>
<SKHierarchicalObject class="ADELE_ProcessImpl" name="Monitor_Temperature">
<CLASSIFIER/>
<EXTENDS/>
<DOC11/>
<DOC12/>
<DOC21/>
<DOC235/>
<DOC26/>
<Allowed_Processor_Binding_Class/>
<Allowed_Processor_Binding/>
<Actual_Processor_Binding/>
<Allowed_Memory_Binding_Class/>
<Allowed_Memory_Binding/>
<Actual_Memory_Binding/>
<Allowed_Connection_Binding_Class/>
<Allowed_Connection_Binding/>
<Actual_Connection_Binding/>
<Allowed_Subprogram_Call_Binding/>
<Not_Collocated/>
<Collocated/>
<Priority/>
<Time_Slot/>
<Resumption_Policy/>
<Active_Thread_Handling_Protocol/>
<Active_Thread_Queue_Handling_Protocol/>
<Deactivation_Policy/>
<Runtime_Protection/>
<Synchronized_Component/>
<Deadline/>
<Load_Deadline/>
<Load_Time/>
<Period/>
<Startup_Deadline/>
<Startup_Execution_Time/>
<Source_Code_Size/>
<Source_Data_Size/>
<Source_Language/>
<Source_Text/>
<Classifier_Substitution_Rule/>
<Prototype_Substitution_Rule/>
</SKHierarchicalObject>
