<?xml version="1.0" encoding="UTF-8" standalone="no"?>
<SKHierarchicalObject class="ADELE_ThreadImpl" name="Manage_Monitor_Mode">
<CLASSIFIER/>
<EXTENDS/>
<DOC11/>
<DOC12/>
<DOC21/>
<DOC235/>
<DOC26/>
<Allowed_Processor_Binding_Class/>
<Allowed_Processor_Binding/>
<Actual_Processor_Binding/>
<Allowed_Memory_Binding_Class/>
<Allowed_Memory_Binding/>
<Actual_Memory_Binding/>
<Allowed_Connection_Binding_Class/>
<Allowed_Connection_Binding/>
<Actual_Connection_Binding/>
<Allowed_Subprogram_Call_Binding/>
<Dispatch_Protocol/>
<Dispatch_Trigger/>
<Priority/>
<Criticality/>
<Time_Slot/>
<Resumption_Policy/>
<Active_Thread_Handling_Protocol/>
<Active_Thread_Queue_Handling_Protocol/>
<Synchronized_Component/>
<Activate_Deadline/>
<Activate_Execution_Time/>
<Compute_Deadline/>
<Compute_Execution_Time/>
<Deactivate_Deadline/>
<Deactivate_Execution_Time/>
<Deadline/>
<Dispatch_Absolute_Time/>
<Dispatch_Jitter/>
<Dispatch_Offset/>
<Finalize_Deadline/>
<Finalize_Execution_Time/>
<Initialize_Deadline/>
<Initialize_Execution_Time/>
<Period/>
<Recover_Deadline/>
<Recover_Execution_Time/>
<Source_Code_Size/>
<Source_Data_Size/>
<Source_Heap_Size/>
<Source_Stack_Size/>
<Activate_Entrypoint/>
<Activate_Entrypoint_Call_Sequence/>
<Activate_Entrypoint_Source_Text/>
<Compute_Entrypoint/>
<Compute_Entrypoint_Call_Sequence/>
<Compute_Entrypoint_Source_Text/>
<Deactivate_Entrypoint/>
<Deactivate_Entrypoint_Call_Sequence/>
<Deactivate_Entrypoint_Source_Text/>
<Finalize_Entrypoint/>
<Finalize_Entrypoint_Call_Sequence/>
<Finalize_Entrypoint_Source_Text/>
<Initialize_Entrypoint/>
<Initialize_Entrypoint_Call_Sequence/>
<Initialize_Entrypoint_Source_Text/>
<Recover_Entrypoint/>
<Recover_Entrypoint_Call_Sequence/>
<Recover_Entrypoint_Source_Text/>
<Source_Language/>
<Source_Text/>
<Classifier_Substitution_Rule/>
<Prototype_Substitution_Rule/>
</SKHierarchicalObject>
