<?xml version="1.0" encoding="UTF-8" standalone="no"?>
<SKHierarchicalObject class="ADELE_SystemImpl" name="Thermostat">
<CLASSIFIER/>
<EXTENDS/>
<DOC11/>
<DOC12/>
<DOC21/>
<DOC235/>
<DOC26/>
<Allowed_Processor_Binding_Class/>
<Allowed_Processor_Binding/>
<Actual_Processor_Binding/>
<Allowed_Memory_Binding_Class/>
<Allowed_Memory_Binding/>
<Actual_Memory_Binding/>
<Allowed_Connection_Binding_Class/>
<Allowed_Connection_Binding/>
<Actual_Connection_Binding/>
<Allowed_Subprogram_Call_Binding/>
<Provided_Virtual_Bus_Class/>
<Provided_Connection_Quality_Of_Service/>
<Not_Collocated/>
<Collocated/>
<Allowed_Period/>
<Priority/>
<Time_Slot/>
<Resumption_Policy/>
<Active_Thread_Handling_Protocol/>
<Active_Thread_Queue_Handling_Protocol/>
<Runtime_Protection/>
<Synchronized_Component/>
<Deadline/>
<Load_Deadline/>
<Load_Time/>
<Period/>
<Startup_Deadline/>
<Startup_Execution_Time/>
<Clock_Jitter/>
<Clock_Period/>
<Clock_Period_Range/>
<Scaling_Factor/>
<Thread_Swap_Execution_Time/>
<Source_Code_Size/>
<Source_Data_Size/>
<Source_Language/>
<Source_Text/>
<Supported_Source_Language/>
<Hardware_Description_Source_Text/>
<Hardware_Source_Language/>
<Classifier_Substitution_Rule/>
<Implemented_As/>
<Prototype_Substitution_Rule/>
</SKHierarchicalObject>
